id,name,cardid,otop,oleft,oheight,owidth,width,height,bottom,left,,,
1,-,32302,0,128,319,238,270,332,0,146,enabled,o,go 24888;pm MU MiddleLoop;vm 40;
2,right,32302,0,265,319,214,243,332,0,301,enabled,r,go 9846;
3,qdra,32302,36,160,239,105,119,249,38,182,enabled,o,go 24888;pm MU MiddleLoop;vm 80;
4,marker,14233,0,0,101,191,217,106,0,0,enabled,,
5,-,14233,70,7,127,142,161,133,73,8,enabled,o,go 14523;
6,-,14233,6,161,304,243,276,317,7,183,enabled,o,go 11389;
7,right,14233,0,394,319,85,97,332,0,447,enabled,r,go 38472;
8,left,14233,0,0,319,85,97,332,0,0,enabled,l,go 38472;
9,-,14233,0,10,79,146,166,83,0,12,enabled,o,go 15266;
10,right,11389,0,352,319,127,144,332,0,399,enabled,r,go 14628;
11,left,11389,0,0,319,127,144,332,0,0,enabled,l,go 44198;
12,-,11389,0,6,131,173,197,137,0,7,enabled,o,go 14523;
13,marker,14968,0,305,115,174,198,120,0,346,enabled,,
14,right,14968,0,343,319,136,155,332,0,389,enabled,r,go 44198;
15,-,14968,0,324,117,162,184,122,0,368,enabled,o,go 15266;
16,-,14968,0,175,166,144,164,173,0,199,enabled,o,go 38472;
17,left,14968,0,0,319,165,187,332,0,0,enabled,l,go 14628;
18,right,14628,0,323,319,153,174,332,0,367,enabled,r,go 14968;
19,left,14628,0,5,319,75,85,332,0,6,enabled,l,go 11389;
20,none,14628,138,119,72,42,48,75,144,135,enabled,o,sc none=A-Cache Cage Switch;ps MR FrplRotate Strt;ps EL SharpHum;in 0.5\go 32201;in 2\go 31976;in 4\go 14628\ps MR FrplRotate Strt;
21,marker2,44198,0,321,24,47,54,25,0,364,enabled,,
22,marker,44198,0,0,103,214,243,108,0,0,enabled,,
23,left,44198,0,0,317,118,134,330,0,0,enabled,l,go 14968;
24,-,44198,0,375,319,104,118,332,0,425,enabled,o,go 11389;
25,-,44198,0,262,151,217,246,158,0,297,enabled,o,go 14523;
26,-,44198,0,0,82,206,234,86,0,0,enabled,o,go 15266;
27,marker,15266,0,15,261,356,404,272,0,17,enabled,o,go 14968;
28,-,15266,0,235,319,244,277,332,0,267,enabled,o,go 44198;
29,right,15266,172,427,147,52,59,153,179,484,enabled,r,go 14523;
30,left,15266,0,7,319,152,173,332,0,8,enabled,l,go 38472;
31,-,15266,86,64,130,276,313,136,90,73,enabled,,?? ME_ACacheChest|sv ME_ACacheChest=NO|sv ME_ACacheChest=YES;ps DR Slide;go 15266;
32,right,38472,0,341,319,138,157,332,0,387,enabled,r,?? ME_BluePage|go 14234|go 14233;
33,left,38472,0,0,319,138,157,332,0,0,enabled,l,?? ME_BluePage|go 14234|go 14233;
34,-,38472,8,271,228,104,118,238,9,308,enabled,o,go 20420;
35,-,20420,0,154,309,176,200,322,0,175,enabled,o,go 25878;pm MU Achenar;vm 180;
36,-,20420,0,336,318,143,163,331,0,381,enabled,o,go 38472;
37,-,20420,0,0,318,143,163,331,0,0,enabled,o,go 38472;
38,marker,14523,35,164,94,85,97,98,37,186,enabled,,
39,right,14523,0,357,319,122,139,332,0,405,enabled,r,go 11389;
40,left,14523,0,0,319,122,139,332,0,0,enabled,l,go 44198;
41,-,14523,49,175,52,58,66,55,51,199,enabled,,"?? ME_BluePage|no |ca X_Global grabPage:ME_BluePage,go 14523;"
42,-,9846,0,157,319,225,255,332,0,178,enabled,o,go 10209;pm MU Achenar;vm 180;
43,left,9846,0,0,319,166,189,332,0,0,enabled,l,go 32302;
44,-,10333,0,128,320,181,206,333,0,146,enabled,o,go 32302;pm MU Achenar;vm 120;
45,left,10333,0,0,319,146,166,332,0,0,enabled,l,go 21748;
46,right,10333,0,333,319,146,166,332,0,378,enabled,r,go 10209;
47,left,10209,0,0,319,69,79,332,0,0,enabled,l,go 10333;
48,-,10209,0,109,320,269,305,333,0,124,enabled,o,go 25878;
49,right,10209,0,432,319,47,54,332,0,490,enabled,r,go 10333;
50,-,10209,0,376,320,80,91,333,0,427,enabled,o,go 21348;
51,-,10209,37,13,255,101,115,266,39,15,enabled,o,go 32989;
52,qach2,10209,148,217,86,45,51,90,155,246,enabled,o,go 25878;
53,marker,21886,19,114,127,67,76,133,20,130,enabled,,
54,cache room,21886,29,115,118,67,76,123,31,131,enabled,o,?? ME_ACacheDoor|go 44706;
55,left,21886,0,0,319,80,91,332,0,0,enabled,l,go 21064;
56,right,21886,0,415,319,64,73,332,0,471,enabled,r,go 25878;
57,-,21886,0,139,308,178,202,321,0,158,enabled,o,go 32989;
58,-,21886,0,34,143,97,110,149,0,39,enabled,o,go 34613;
59,-,21886,0,378,93,101,115,97,0,429,enabled,o,go 41249;
60,-,21886,282,26,37,37,42,39,294,30,enabled,,
61,marker,32989,24,61,159,113,129,166,25,70,enabled,,
62,-,32989,0,0,319,480,544,332,0,0,enabled,o,go 21886;
63,-,32989,42,69,169,92,105,176,44,79,enabled,,"?? ME_ACacheDoor|sv ME_ACacheDoor=NO,ps DR Grayroom Down|sv ME_ACacheDoor=YES,ps DR Grayroom Open;go 32989;"
64,Cache Room,32989,35,68,136,92,105,142,37,78,enabled,o,?? ME_ACacheDoor|go 44706;
65,-,32989,0,0,172,53,61,179,0,0,enabled,o,go 34613;
66,-,32989,0,433,93,46,53,97,0,491,enabled,o,go 41249;
67,-,32989,110,207,122,70,80,127,115,235,enabled,o,go 42966;
68,-,32989,52,156,46,15,17,48,55,177,enabled,,
69,-,32989,151,157,78,30,34,82,158,178,enabled,,
70,-,32989,98,159,53,20,23,56,102,181,enabled,,
71,-,21064,0,368,61,111,126,64,0,418,enabled,o,go 34613;
72,marker,21064,2,413,86,67,76,90,3,469,enabled,,
73,right,21064,0,399,319,80,91,332,0,453,enabled,r,go 21886;
74,-,21064,0,305,119,89,101,124,0,346,enabled,o,go 34613;
75,left,21064,0,0,319,71,81,332,0,0,enabled,l,go 21348;
76,-,21064,14,166,305,120,136,318,15,189,enabled,o,go 10333;
77,-,21064,70,90,155,37,42,162,73,102,enabled,o,go 21748;
78,-,21064,113,7,112,23,27,117,118,8,enabled,o,go 21748;
79,right,25878,0,404,319,75,85,332,0,458,enabled,r,go 21348;
80,left,25878,0,0,319,94,107,332,0,0,enabled,l,go 21886;
81,-,25878,21,172,297,128,146,310,22,195,enabled,o,go 10531;
82,-,25878,163,337,148,126,143,155,170,382,enabled,o,go 9495;
83,-,25878,0,161,143,88,100,149,0,183,enabled,o,go 40292;
84,-,25878,150,52,132,135,153,138,157,59,enabled,,
85,right,21348,0,414,319,65,74,332,0,470,enabled,r,go 21064;
86,-,21348,0,451,95,28,32,99,0,512,enabled,o,go 21748;
87,left,21348,0,0,319,188,214,332,0,0,enabled,l,go 25878;
88,-,21348,119,329,95,28,32,99,124,373,enabled,o,go 21748;
89,-,21348,114,362,95,28,32,99,119,411,enabled,o,go 21748;
90,-,21348,116,399,95,28,32,99,121,453,enabled,o,go 21748;
91,-,21348,165,0,154,91,104,161,172,0,enabled,o,go 9495;
92,marker,25706,45,327,105,68,78,110,47,371,enabled,,
93,-,25706,0,82,320,346,393,333,0,93,enabled,o,go 21064;
94,-,25706,0,427,320,67,76,333,0,484,enabled,o,go 10531;
95,-,25706,20,373,271,105,119,283,21,423,enabled,o,go 21886;
96,Left,25706,0,0,319,82,93,332,0,0,enabled,l,go 21348;
97,-,25706,76,82,149,114,130,156,80,93,enabled,o,go 21748;
98,-,25706,51,273,110,48,55,115,54,310,enabled,o,go 21064;
99,-,10531,0,133,320,211,240,333,0,151,enabled,o,go 11084;pm MU Achenar;vm 120;
100,right,10531,0,407,319,72,82,332,0,462,enabled,r,go 9495;
101,left,10531,0,0,319,143,163,332,0,0,enabled,l,go 25706;
102,-,2383,0,119,319,217,246,332,0,135,enabled,o,go 25706;pm MU Achenar;vm 180;
103,right,2383,0,392,319,87,99,332,0,445,enabled,r,go 17797;pm MU MiddleLoop;vm 80;
104,marker,2383,94,311,65,21,24,68,98,353,enabled,,
105,qach4,2383,139,218,73,40,46,76,145,248,enabled,o,go 25706;pm MU Achenar.Mov;vm 180;
106,left,41249,0,0,319,72,82,332,0,0,enabled,l,go 21886;
107,-,41249,0,367,133,112,127,139,0,416,enabled,o,go 25878;
108,-,41249,150,136,17,212,241,18,157,155,enabled,o,go 40292;
109,-,41249,0,172,174,134,152,182,0,195,enabled,o,go 40292;
110,-,41249,161,240,68,70,80,71,168,272,enabled,o,go 40292;
111,-,41249,132,318,187,161,183,195,138,361,enabled,o,go 10531;
112,right,9495,0,382,319,97,110,332,0,433,enabled,r,go 21348;
113,-,9495,0,101,298,261,296,311,0,115,enabled,,
114,left,9495,0,0,319,97,110,332,0,0,enabled,l,go 10531;
115,-,40292,0,0,319,480,544,332,0,0,enabled,o,go 41249;
116,-,40292,109,217,174,160,182,182,114,246,enabled,,
117,-,40292,2,83,203,285,323,212,3,95,enabled,,
118,-,40292,68,0,122,80,91,127,71,0,enabled,,
119,-,40292,0,24,96,61,70,100,0,28,enabled,,
120,-,40292,0,370,129,50,57,135,0,420,enabled,,
121,-,40292,0,396,42,63,72,44,0,449,enabled,,
122,-,44706,0,0,319,480,544,332,0,0,enabled,o,go 32989;
123,-,44706,0,131,303,200,227,316,0,149,enabled,o,?? ME_BluePage|go 14234|go 14233;pm MU Achenar Cache;vm 180;
124,-,42966,0,139,319,201,228,332,0,158,enabled,o,go 21348;
125,right,21748,0,368,319,111,126,332,0,418,enabled,r,go 10333;
126,left,21748,0,0,319,158,180,332,0,0,enabled,l,go 21348;
127,-,21748,18,261,63,103,117,66,19,296,enabled,q,pv A-Throne Snake-F.m4v;
128,marker,21748,171,211,22,78,89,23,178,240,enabled,,
129,-,34613,0,0,319,480,544,332,0,0,enabled,o,go 21886;pm MU Achenar;vm 100;ps EL SharpHum;
130,-,34613,2,120,235,242,275,245,3,136,enabled,,
131,LLimit,34613,16,188,135,34,39,141,17,214,enabled,,
132,marker,34613,12,310,204,170,193,213,13,352,enabled,,
133,leftMarker,34613,28,190,97,32,37,101,30,216,enabled,,
134,holo,34613,196,198,82,85,97,86,204,225,enabled,,
135,-,34613,45,327,167,139,158,174,47,371,enabled,o,pm MU Achenar;vm 100;ps EL SharpHum;?? ME_ACacheDoor|go 44706|go 32989;
136,holostartMarker,34613,303,182,16,187,212,17,316,207,enabled,,
137,axisMarker,34613,147,165,169,150,170,176,153,187,enabled,,
138,RLimit,34613,16,258,135,34,39,141,17,293,enabled,,
139,rightMarker,34613,28,260,97,31,36,101,30,295,enabled,,
140,-,22570,0,116,319,286,325,332,0,132,enabled,o,go 11614;
141,left,22570,0,0,319,87,99,332,0,0,enabled,l,go 51206;
142,right,22570,0,392,319,87,99,332,0,445,enabled,r,go 51613;
143,qeis,22570,280,251,38,55,63,40,292,285,enabled,,
144,right,51206,0,398,318,81,92,331,0,452,enabled,r,go 22570;
145,left,51206,0,0,319,82,93,332,0,0,enabled,l,go 22809;
146,left,51613,0,0,319,86,98,332,0,0,enabled,l,go 22570;
147,right,51613,0,392,319,87,99,332,0,445,enabled,r,go 22809;
148,-,22809,0,116,320,256,291,333,0,132,enabled,o,go 23081;
149,right,22809,0,366,319,113,129,332,0,415,enabled,r,go 51206;
150,left,22809,0,0,319,119,135,332,0,0,enabled,l,go 51613;
151,qedr,22809,123,202,73,62,71,76,128,229,enabled,o,go 23081;
152,-,22499,0,142,320,247,280,333,0,161,enabled,o,go 22570;
153,right,22499,0,382,319,97,110,332,0,433,enabled,r,go 52187;
154,left,22499,0,0,319,143,163,332,0,0,enabled,l,go 51766;
155,-,22499,0,142,320,247,280,333,0,161,enabled,o,go 22570;
156,qeis,22499,171,235,49,52,59,51,178,267,enabled,o,go 22570;
157,left,51766,0,0,319,164,186,332,0,0,enabled,l,go 23081;
158,right,51766,0,315,319,164,186,332,0,357,enabled,r,go 22499;
159,left,52187,0,0,318,104,118,331,0,0,enabled,l,go 22499;
160,right,52187,1,375,318,104,118,331,2,425,enabled,r,go 23081;
161,-,23081,0,170,245,148,168,255,0,193,enabled,o,go 9075;
162,right,23081,0,315,319,164,186,332,0,357,enabled,r,go 51766;
163,left,23081,0,0,319,164,186,332,0,0,enabled,l,go 52187;
164,-,35617,5,158,198,165,187,207,6,180,enabled,o,go 22499;
165,left,35617,0,0,319,136,155,332,0,0,enabled,l,go 52319;
166,right,35617,0,343,319,136,155,332,0,389,enabled,r,go 52712;
167,qeis,35617,168,233,41,44,50,43,175,265,enabled,o,go 22499;
168,left,52319,0,0,319,117,133,332,0,0,enabled,l,go 9075;
169,right,52319,0,362,319,117,133,332,0,411,enabled,r,go 35617;
170,left,52712,0,0,319,134,152,332,0,0,enabled,l,go 35617;
171,right,52712,0,345,319,134,152,332,0,391,enabled,r,go 9075;
172,-,9075,17,151,302,85,97,315,18,172,enabled,o,go 39604;
173,-,9075,21,236,298,82,93,311,22,268,enabled,o,go 39260;
174,right,9075,0,338,319,141,160,332,0,384,enabled,r,go 52319;
175,left,9075,0,0,319,141,160,332,0,0,enabled,l,go 52712;
176,left,53837,0,0,319,132,150,332,0,0,enabled,l,go 27417;
177,right,53837,0,347,319,132,150,332,0,394,enabled,r,go 30681;
178,-,26888,0,135,279,205,233,291,0,153,enabled,o,go 27151;
179,right,26888,0,347,319,132,150,332,0,394,enabled,r,go 52786;
180,left,26888,0,0,319,132,150,332,0,0,enabled,l,go 53079;
181,qnis,26888,145,208,38,33,38,40,151,236,enabled,o,go 27151;
182,-,30681,0,172,254,157,178,265,0,195,enabled,o,go 30853;
183,left,30681,0,0,319,156,177,332,0,0,enabled,l,go 53837;
184,right,30681,0,323,319,156,177,332,0,367,enabled,r,go 54051;
185,qndr,30681,126,210,72,63,72,75,132,238,enabled,o,go 30853;
186,right,54051,0,351,319,128,146,332,0,398,enabled,r,go 27417;
187,left,54051,1,0,318,120,136,331,2,0,enabled,l,go 30681;
188,left,53284,0,0,319,128,146,332,0,0,enabled,l,go 27151;
189,right,53284,0,351,319,128,146,332,0,398,enabled,r,go 30853;
190,-,27151,0,139,232,198,225,242,0,158,enabled,o,go 27417;
191,right,27151,0,333,319,146,166,332,0,378,enabled,r,go 53284;
192,left,27151,0,0,319,146,166,332,0,0,enabled,l,go 53622;
193,qnis,27151,143,204,46,33,38,48,149,232,enabled,o,go 27417;
194,-,30853,0,153,297,170,193,310,0,174,enabled,o,go 31168;
195,left,30853,0,0,319,152,173,332,0,0,enabled,l,go 53284;
196,right,30853,0,327,319,152,173,332,0,371,enabled,r,go 53622;
197,left,53622,1,0,318,125,142,331,2,0,enabled,l,go 30853;
198,right,53622,0,354,318,125,142,331,0,402,enabled,r,go 27151;
199,left,52786,1,0,318,144,164,331,2,0,enabled,l,go 26888;
200,right,52786,0,335,318,144,164,331,0,380,enabled,r,go 31168;
201,-,27417,0,124,251,217,246,262,0,141,enabled,o,go 27798;
202,right,27417,0,341,319,138,157,332,0,387,enabled,r,go 53837;
203,left,27417,0,0,319,138,157,332,0,0,enabled,l,go 54051;
204,qnis,27417,173,191,61,45,51,64,181,217,enabled,o,go 27798;
205,-,31168,43,172,276,78,89,288,45,195,enabled,o,go 39604;
206,-,31168,43,247,276,78,89,288,45,280,enabled,o,go 39260;
207,right,31168,0,367,319,112,127,332,0,416,enabled,r,go 53079;
208,left,31168,0,0,319,112,127,332,0,0,enabled,l,go 52786;
209,left,53079,0,0,319,116,132,332,0,0,enabled,l,go 31168;
210,right,53079,0,363,319,116,132,332,0,412,enabled,r,go 26888;
211,left,54276,1,0,318,97,110,331,2,0,enabled,l,go 4956;
212,right,54276,0,382,318,97,110,331,0,433,enabled,r,go 5756;
213,-,4956,2,165,251,142,161,262,3,187,enabled,o,go 5129;
214,right,4956,0,397,319,82,93,332,0,450,enabled,r,go 54276;
215,left,4956,0,0,319,82,93,332,0,0,enabled,l,go 20686;
216,qsdr,4956,117,202,93,75,85,97,122,229,enabled,o,go 5129;
217,marker,5756,74,308,31,112,127,33,78,350,enabled,,
218,right,5756,0,397,319,81,92,332,0,450,enabled,r,go 20686;
219,left,5756,0,2,319,81,92,332,0,3,enabled,l,go 54276;
220,-,5756,0,136,183,241,274,191,0,155,enabled,o,go 6591;
221,qsis,5756,103,286,67,91,104,70,108,325,enabled,o,go 6591;
222,right,20686,0,396,319,83,95,332,0,449,enabled,r,go 4956;
223,left,20686,0,0,319,83,95,332,0,0,enabled,l,go 5756;
224,left,54936,0,0,319,100,114,332,0,0,enabled,l,go 5129;
225,right,54936,0,379,319,100,114,332,0,430,enabled,r,go 5533;
226,right,5129,0,381,319,97,110,332,0,432,enabled,r,go 54936;
227,left,5129,0,0,319,97,110,332,0,0,enabled,l,go 54769;
228,-,5129,20,169,211,127,144,220,21,192,enabled,o,go 5967;
229,-,5533,0,166,246,168,191,256,0,189,enabled,o,go 5756;
230,right,5533,0,385,319,93,106,332,0,437,enabled,r,go 54769;
231,left,5533,0,3,319,93,106,332,0,4,enabled,l,go 54936;
232,qsis,5533,128,268,49,56,64,51,134,304,enabled,o,go 5756;
233,right,54769,0,338,317,141,160,330,0,384,enabled,r,go 5129;
234,left,54769,0,0,319,105,119,332,0,0,enabled,l,go 5533;
235,left,55235,0,0,320,119,135,333,0,0,enabled,l,go 5967;
236,right,55235,0,360,319,119,135,332,0,408,enabled,r,go 6249;
237,right,5967,0,380,319,99,113,332,0,431,enabled,r,go 55235;
238,left,5967,0,0,319,103,117,332,0,0,enabled,l,go 55516;
239,-,5967,99,175,220,67,76,229,104,199,enabled,o,go 39604;pm MU MiddleLoop;vm 20;
240,-,5967,98,237,221,63,72,230,102,269,enabled,o,go 39260;pm MU MiddleLoop;vm 20;
241,right,6249,0,375,319,102,116,332,0,425,enabled,r,go 55516;
242,left,6249,0,3,319,102,116,332,0,4,enabled,l,go 55235;
243,-,6249,0,171,210,143,163,219,0,194,enabled,o,go 5533;
244,qsis,6249,128,252,38,57,65,40,134,286,enabled,o,go 5533;
245,right,55516,0,331,319,148,168,332,0,376,enabled,r,go 5967;
246,left,55516,0,0,319,148,168,332,0,0,enabled,l,go 6249;
247,-,47603,0,168,273,158,180,285,0,191,enabled,o,go 38352;
248,right,47603,0,316,319,163,185,332,0,359,enabled,r,go 56906;
249,left,47603,0,0,319,163,185,332,0,0,enabled,l,go 56759;
250,qwdr,47603,128,210,61,60,68,64,134,238,enabled,o,go 38352;
251,left,56759,1,0,318,115,131,331,2,0,enabled,l,go 47302;
252,right,56759,0,364,318,115,131,331,0,413,enabled,r,go 47603;
253,right,56906,0,339,319,140,159,332,0,385,enabled,r,go 47302;
254,left,56906,0,0,319,140,159,332,0,0,enabled,l,go 47603;
255,-,38352,0,136,285,187,212,297,0,155,enabled,o,go 48091;
256,right,38352,0,322,319,157,178,332,0,365,enabled,r,go 56293;
257,left,38352,0,0,319,157,178,332,0,0,enabled,l,go 56567;
258,right,56567,0,337,319,142,161,332,0,382,enabled,r,go 38352;
259,left,56567,0,0,319,142,161,332,0,0,enabled,l,go 45701;
260,right,56293,0,343,319,136,155,332,0,389,enabled,r,go 45701;
261,left,56293,0,0,319,136,155,332,0,0,enabled,l,go 38352;
262,right,48091,0,330,319,150,170,332,0,374,enabled,r,go 55633;
263,left,48091,0,0,319,150,170,332,0,0,enabled,l,go 55809;
264,-,48091,65,246,254,63,72,265,68,279,enabled,o,go 39260;
265,-,48091,65,182,254,63,72,265,68,207,enabled,o,go 39604;
266,left,55809,0,0,319,104,118,332,0,0,enabled,l,go 38013;
267,right,55809,0,375,319,104,118,332,0,425,enabled,r,go 48091;
268,left,55633,1,0,318,125,142,331,2,0,enabled,l,go 48091;
269,right,55633,0,354,318,125,142,331,0,402,enabled,r,go 38013;
270,right,38013,0,361,319,118,134,332,0,410,enabled,r,go 55809;
271,-,38013,0,134,319,217,246,332,0,152,enabled,o,go 45701;
272,left,38013,0,0,319,138,157,332,0,0,enabled,l,go 55633;
273,-,38013,0,134,319,217,246,332,0,152,enabled,o,go 45701;
274,qwar,38013,141,201,60,76,87,63,147,228,enabled,o,go 45701;
275,-,45701,0,131,319,202,229,332,0,149,enabled,o,go 47302;
276,right,45701,0,330,318,149,169,331,0,374,enabled,r,go 56567;
277,left,45701,1,1,318,149,169,331,2,2,enabled,l,go 56293;
278,left,47302,0,0,319,152,173,332,0,0,enabled,l,go 56906;
279,right,47302,0,327,319,152,173,332,0,371,enabled,r,go 56759;
280,-,11614,37,178,272,158,180,284,39,202,enabled,o,go 11865;
281,right,11614,0,350,319,129,147,332,0,397,enabled,r,go 22809;
282,left,11614,0,0,319,129,147,332,0,0,enabled,l,go 22809;
283,-,11865,0,174,319,251,285,332,0,198,enabled,o,go 12236;
284,right,11865,0,417,319,62,71,332,0,473,enabled,r,go 26778;
285,left,11865,0,7,319,56,64,332,0,8,enabled,l,go 26778;
286,-,26778,0,118,320,242,275,333,0,134,enabled,o,go 22809;
287,left,26778,0,0,319,129,147,332,0,0,enabled,l,go 11865;
288,right,26778,0,350,319,129,147,332,0,397,enabled,r,go 11865;
289,qedr,26778,245,208,51,48,55,54,255,236,enabled,o,go 22809;
290,-,26420,0,117,320,235,267,333,0,133,enabled,o,go 26778;
291,left,26420,0,0,319,126,143,332,0,0,enabled,l,go 12236;
292,-,12236,0,120,320,274,311,333,0,136,enabled,o,go 12345;
293,right,12236,0,383,319,96,109,332,0,435,enabled,r,go 26420;
294,-,26366,0,114,320,223,253,333,0,130,enabled,o,go 26420;
295,right,26366,0,326,319,153,174,332,0,370,enabled,r,go 12345;
296,-,12345,0,195,240,190,216,250,0,221,enabled,o,go 12583;
297,left,12345,0,0,319,116,132,332,0,0,enabled,l,go 26366;
298,-,12583,0,165,256,235,267,267,0,187,enabled,o,go 12991;
299,left,12583,0,0,319,118,134,332,0,0,enabled,l,go 26366;
300,qeis,12583,104,1,82,70,80,86,109,2,enabled,,
301,-,22133,0,123,252,273,310,263,0,140,enabled,o,go 26366;
302,right,22133,0,381,319,98,112,332,0,432,enabled,r,go 12991;
303,qedr,22133,254,165,48,45,51,50,265,187,enabled,,
304,-,12991,0,127,205,248,282,214,0,144,enabled,o,go 13636;
305,left,12991,0,0,319,95,108,332,0,0,enabled,l,go 22133;
306,qeis,12991,83,150,87,57,65,91,87,170,enabled,o,go 13636;
307,-,13636,0,107,319,276,313,332,0,122,enabled,o,go 15376;
308,left,13636,0,0,319,125,142,332,0,0,enabled,l,go 16009;
309,right,13636,0,369,319,110,125,332,0,419,enabled,r,go 16009;
310,-,16009,0,127,320,240,272,333,0,144,enabled,o,go 22133;
311,right,16009,0,356,319,123,140,332,0,404,enabled,r,go 13636;
312,left,16009,0,0,319,144,164,332,0,0,enabled,l,go 13636;
313,qedr,16009,131,274,49,37,42,51,137,311,enabled,o,go 22133;
314,-,15376,0,0,319,480,544,332,0,0,enabled,o,go 13636;
315,-,15376,14,103,207,274,311,216,15,117,enabled,,
316,-,15738,27,241,224,251,285,234,29,274,enabled,o,go 16009;
317,right,38824,0,352,319,127,144,332,0,399,enabled,r,go 15376;
318,-,38824,0,167,234,153,174,244,0,190,enabled,o,go 16009;
319,panMarker,39144,0,157,319,163,185,332,0,178,enabled,,
320,marker,39144,180,223,139,35,40,145,188,253,enabled,,
321,up,50628,194,15,25,30,34,27,202,17,enabled,o,en up=NO;en down=NO;ca ME_Fortress runElevator:mt;
322,none,50628,166,15,16,30,34,17,173,17,enabled,,ps SW Buzzer;
323,down,50628,129,12,30,40,46,32,135,14,enabled,o,en up=NO;en down=NO;ca ME_Fortress runElevator:mb;
324,panMarker,50628,0,162,319,159,181,332,0,184,enabled,,
325,marker,50628,180,223,139,35,40,145,188,253,enabled,,
326,marker,39710,180,223,139,35,40,145,188,253,enabled,,
327,panMarker,39710,0,168,319,153,174,332,0,191,enabled,,
328,-,39710,0,178,319,127,144,332,0,202,enabled,o,go 35295;
329,none,39710,190,9,33,40,46,35,198,11,enabled,o,ca ME_Fortress startElevator:bt;ps DR Red Room;go 39144;
330,none,39710,163,9,23,42,48,24,170,11,enabled,o,ca ME_Fortress startElevator:bm;ps DR Red Room;go 39144;
331,none,39710,129,10,30,42,48,32,135,12,enabled,,ps SW Buzzer;
332,qel2,39710,153,215,81,58,66,85,160,244,enabled,o,go 35295;
333,marker,43114,180,223,139,35,40,145,188,253,enabled,,
334,panMarker,43114,0,165,319,154,175,332,0,187,enabled,,
335,exit,43114,0,187,318,118,134,331,0,212,enabled,o,ca ME_Fortress startElevator:out;go 16306;
336,none,43114,166,15,18,30,34,19,173,17,enabled,o,ca ME_Fortress startElevator:tm;
337,none,43114,128,11,32,41,47,34,134,13,enabled,o,ca ME_Fortress startElevator:tb;ps DR Red Room;go 50629;
338,none,43114,192,15,30,30,34,32,200,17,enabled,,ps SW Buzzer;
339,-,17290,0,0,319,480,544,332,0,0,enabled,a,go 7054;
340,-,17290,0,142,309,196,223,322,0,161,enabled,,
341,marker,23400,132,253,78,11,13,82,138,287,enabled,,
342,-,23400,0,181,270,123,140,281,0,206,enabled,o,go 23648;
343,left,23400,0,0,319,187,212,332,0,0,enabled,l,go 13535;
344,right,23400,0,292,319,187,212,332,0,331,enabled,r,go 13535;
345,qdrs,23400,128,235,94,28,32,98,134,267,enabled,o,go 23648;
346,left,24605,0,0,319,163,185,332,0,0,enabled,l,go 24888;
347,-,24605,0,178,316,78,89,329,0,202,enabled,o,go 9846;pm MU Achenar;vm 80;
348,marker,24888,132,216,78,11,13,82,138,245,enabled,,
349,-,24888,1,161,278,144,164,290,2,183,enabled,o,go 25262;
350,right,24888,0,305,319,174,198,332,0,346,enabled,r,go 24605;
351,left,24888,0,0,319,174,198,332,0,0,enabled,l,go 24605;
352,qdra,24888,134,210,84,39,45,88,140,238,enabled,o,go 25262;
353,right,13535,0,349,319,130,148,332,0,396,enabled,r,go 23400;
354,-,13535,0,199,319,103,117,332,0,226,enabled,o,go 41131;pm MU Sirrus;vm 70;
355,marker,23648,103,258,116,19,22,121,108,293,enabled,,
356,-,23648,0,150,294,159,181,306,0,170,enabled,o,go 23934;
357,right,23648,0,297,319,182,207,332,0,337,enabled,r,go 13233;
358,left,23648,0,0,319,182,207,332,0,0,enabled,l,go 13233;
359,-,24452,0,170,281,135,153,293,0,193,enabled,o,go 24605;
360,left,24452,0,0,319,166,189,332,0,0,enabled,l,go 25262;
361,right,24452,0,313,319,166,189,332,0,355,enabled,r,go 25262;
362,qach1,24452,107,203,124,61,70,130,112,231,enabled,o,go 24605;
363,marker,25262,103,204,116,19,22,121,108,232,enabled,,
364,-,25262,0,146,303,172,195,316,0,166,enabled,o,go 25440;
365,right,25262,0,319,319,160,182,332,0,362,enabled,r,go 24452;
366,left,25262,0,0,319,160,182,332,0,0,enabled,l,go 24452;
367,-,13233,0,180,306,128,146,319,0,204,enabled,o,go 13535;
368,right,13233,0,299,319,180,204,332,0,339,enabled,r,go 23648;
369,left,13233,0,0,319,180,204,332,0,0,enabled,l,go 23648;
370,qsir1,13233,60,217,168,70,80,175,63,246,enabled,o,go 13535;
371,marker,23934,6,318,245,73,83,255,7,361,enabled,,
372,left,23934,0,0,319,145,165,332,0,0,enabled,l,go 9418;
373,-,23934,0,177,320,64,73,333,0,201,enabled,o,go 24230;
374,-,23934,21,320,229,70,80,239,22,363,enabled,o,?? ME_FacingNorth|go 46050;?? ME_FacingSouth|go 46082;?? ME_FacingEast|go 45089;?? ME_FacingWest|go 46338;
375,-,24230,0,165,286,134,152,298,0,187,enabled,o,go 24452;
376,left,24230,0,0,319,121,138,332,0,0,enabled,l,go 25440;
377,right,24230,0,358,319,121,138,332,0,406,enabled,r,go 25440;
378,qach1,24230,135,212,84,45,51,88,141,241,enabled,o,go 24452;
379,marker,25440,7,90,244,70,80,254,8,102,enabled,,
380,-,25440,1,239,318,61,70,331,2,271,enabled,o,go 9418;
381,right,25440,0,336,319,143,163,332,0,381,enabled,r,go 24230;
382,-,25440,21,92,229,70,80,239,22,105,enabled,o,?? ME_FacingNorth|go 46050;?? ME_FacingSouth|go 46082;?? ME_FacingEast|go 45089;?? ME_FacingWest|go 46338;
383,-,9418,0,173,304,142,161,317,0,197,enabled,o,go 13233;
384,left,9418,0,0,319,138,157,332,0,0,enabled,l,go 23934;
385,right,9418,0,341,319,138,157,332,0,387,enabled,r,go 23934;
386,qsir1,9418,97,218,123,65,74,128,101,248,enabled,o,go 13233;
387,-,45089,0,174,310,130,148,323,0,198,enabled,o,go 35617;pm AR Water:Wind Mov;vm 150;
388,right,45089,0,358,319,121,138,332,0,406,enabled,r,go 39604;
389,left,45089,0,0,319,121,138,332,0,0,enabled,l,go 39260;
390,qeis,45089,161,230,45,42,48,47,168,261,enabled,o,go 35617;
391,-,46050,0,173,309,131,149,322,0,197,enabled,o,go 26888;pm AR Water:Wind Mov;vm 150;
392,right,46050,0,358,319,121,138,332,0,406,enabled,r,go 39604;
393,left,46050,0,0,319,121,138,332,0,0,enabled,l,go 39260;
394,qnis,46050,147,217,36,32,37,38,153,246,enabled,o,go 26888;
395,-,46082,0,174,311,130,148,324,0,198,enabled,o,go 6249;pm AR Water:Wind Mov;vm 150;
396,right,46082,0,358,319,121,138,332,0,406,enabled,r,go 39604;
397,left,46082,0,0,319,121,138,332,0,0,enabled,l,go 39260;
398,qsis,46082,146,238,39,50,57,41,152,270,enabled,o,go 6249;pm AR Water:Wind Mov;vm 150;
399,-,46338,0,172,310,133,151,323,0,195,enabled,o,go 38013;pm AR Water:Wind Mov;vm 150;
400,right,46338,0,358,319,121,138,332,0,406,enabled,r,go 39604;
401,left,46338,0,0,319,121,138,332,0,0,enabled,l,go 39260;
402,qwar,46338,121,213,54,62,71,57,126,242,enabled,o,go 38013;
403,-,39604,0,112,319,182,207,332,0,127,enabled,o,go 9418;pm MU MiddleLoop;vm 80;
404,none,39604,0,317,319,162,184,332,0,360,enabled,r,go 39260;
405,left,39604,0,0,319,118,134,332,0,0,enabled,l,?? ME_FacingNorth|go 46050;?? ME_FacingSouth|go 46082;?? ME_FacingEast|go 45089;?? ME_FacingWest|go 46338;
406,qsir1,39604,122,121,91,42,48,95,127,138,enabled,o,go 9418;pm MU MiddleLoop;vm 80;
407,-,39260,0,193,320,176,200,333,0,219,enabled,o,go 24230;pm MU MiddleLoop;vm 80;
408,none,39260,0,0,319,146,166,332,0,0,enabled,l,go 39604;
409,right,39260,0,360,319,120,136,332,0,408,enabled,r,?? ME_FacingNorth|go 46050;?? ME_FacingSouth|go 46082;?? ME_FacingEast|go 45089;?? ME_FacingWest|go 46338;
410,qach1,39260,114,324,134,36,41,140,119,368,enabled,o,go 24230;pm MU MiddleLoop.Mov;vm 80;
411,right,16305,0,324,319,155,176,332,0,368,enabled,r,?? ME_ElevAtMid|go 31555|go 16622;
412,left,16305,0,0,319,149,169,332,0,0,enabled,l,?? ME_ElevAtMid|go 31555|go 16622;
413,door,31555,0,206,276,57,65,288,0,234,enabled,,
414,right,31555,0,345,319,135,153,332,0,391,enabled,r,go 16305;
415,-,31555,0,0,319,134,152,332,0,0,enabled,o,go 16305;
416,left,31555,0,0,319,103,117,332,0,0,enabled,l,go 16305;
417,marker,31555,262,181,20,15,17,21,273,206,enabled,q,
418,marker2,31555,0,165,284,133,151,296,0,187,enabled,o,go 43632;
419,down,31339,0,7,145,472,535,151,0,8,enabled,d,go 16622;
420,marker2,16622,0,165,284,133,151,296,0,187,enabled,q,
421,marker,16622,270,181,12,10,12,13,281,206,enabled,q,
422,left,16622,0,0,319,105,119,332,0,0,enabled,l,go 16305;
423,right,16622,0,397,319,82,93,332,0,450,enabled,r,go 16305;
424,door,16622,0,206,276,57,65,288,0,234,enabled,o,sv ME_ElevAtTop=YES;go 49328;
425,up,16622,279,0,40,480,544,42,291,0,enabled,u,go 31339;
426,-,43632,19,0,292,480,544,304,20,0,enabled,o,go 31555;
427,-,43632,6,132,313,244,277,326,7,150,enabled,o,go 33554;
428,-,33554,9,0,310,480,544,323,10,0,enabled,o,ca ME_Fortress endTopHub:;go 43632;
429,Rlimit,33554,100,246,121,30,34,126,105,279,enabled,,
430,Llimit,33554,100,204,121,30,34,126,105,232,enabled,,
431,-,33554,0,154,163,187,212,170,0,175,enabled,,
432,rightMarker,33554,100,247,98,29,33,102,105,280,enabled,,
433,leftMarker,33554,100,207,98,26,30,102,105,235,enabled,,
434,marker,33554,238,216,82,52,59,86,248,245,enabled,,
435,none,33554,81,212,48,57,65,50,85,241,enabled,o,ps SW PushButton In;ca ME_Fortress endTopHub:;sv ME_ElevGoTop=YES;sv ME_ElevAtMid=NO;go 43632;
436,,50726,0,0,319,118,134,332,0,0,disabled,,
437,,50726,0,361,319,118,134,332,0,410,disabled,,
438,none,50114,0,0,318,240,272,331,0,0,enabled,o,go 50726;
439,none,50114,0,240,318,240,272,331,0,272,enabled,o,go 50727;
440,marker2,16757,120,221,144,36,41,150,125,251,enabled,,
441,marker,16757,0,153,107,173,197,112,0,174,enabled,,
442,stairs,16757,0,181,73,107,122,76,0,206,enabled,o,go 33191;pm MU MiddleLoop;vm 130;
443,forward,16757,0,144,318,187,212,331,0,164,enabled,o,?? ME_HubStairs|no |go 20207;
444,left,16757,0,0,319,130,148,332,0,0,enabled,l,go 48777;pm MU MiddleLoop;vm 40;
445,-,16757,50,373,38,23,27,40,53,423,enabled,q,
446,right,16757,0,333,318,146,166,331,0,378,enabled,r,go 49567;pm MU MiddleLoop;vm 80;
447,-,16757,161,344,61,50,57,64,168,390,enabled,,?? ME_HubStairs|sv ME_HubStairs=NO|sv ME_HubStairs=YES;ca ME_Fortress playHubMovie:;
448,marker3,16757,24,153,81,14,16,85,25,174,enabled,,
449,qel1,16757,114,201,159,79,90,166,119,228,enabled,o,?? ME_HubStairs|no |go 20207;
450,-,33191,0,0,319,480,544,332,0,0,enabled,o,go 16757;pm MU MiddleLoop.Mov;vm 100;
451,-,33191,2,161,278,134,152,290,3,183,enabled,o,go 33452;pm MU Lower Layer;vm 160;
452,-,33191,281,0,38,40,46,40,293,0,enabled,,
453,-,11084,0,119,319,187,212,332,0,135,enabled,o,go 17797;pm MU MiddleLoop;vm 80;
454,left,11084,0,0,319,117,133,332,0,0,enabled,l,go 2383;
455,right,48250,0,391,319,88,100,332,0,444,enabled,r,go 17797;
456,-,48250,0,225,319,165,187,332,0,255,enabled,o,go 2383;pm MU Achenar;vm 80;
457,-,35407,0,157,319,157,178,332,0,178,enabled,o,go 50114;
458,left,35407,0,0,319,107,122,332,0,0,enabled,l,go 20207;
459,right,35407,0,359,319,120,136,332,0,407,enabled,r,go 20207;
460,right,20207,0,346,319,133,151,332,0,393,enabled,r,go 35407;
461,left,20207,0,0,319,122,139,332,0,0,enabled,l,go 35407;
462,in1,20207,231,225,11,10,12,12,241,255,enabled,,
463,in2,20207,226,225,11,10,12,12,236,255,enabled,,
464,in3,20207,221,225,11,10,12,12,230,255,enabled,,
465,in4,20207,217,225,11,10,12,12,226,255,enabled,,
466,in5,20207,212,225,11,10,12,12,221,255,enabled,,
467,in6,20207,206,225,12,10,12,13,215,255,enabled,,
468,in7,20207,202,225,11,10,12,12,211,255,enabled,,
469,in8,20207,197,225,11,10,12,12,206,255,enabled,,
470,in9,20207,192,225,11,10,12,12,200,255,enabled,,
471,-,20207,0,166,319,129,147,332,0,189,enabled,o,go 34882;
472,-,17797,0,152,319,169,192,332,0,173,enabled,o,go 49567;pm MU MiddleLoop;vm 80;
473,left,17797,0,0,319,66,75,332,0,0,enabled,l,go 2383;pm MU Achenar;vm 80;
474,qsir3,17797,203,198,116,75,85,121,212,225,enabled,o,go 49567;pm MU MiddleLoop.Mov;vm 80;
475,-,48777,0,161,318,160,182,331,0,183,enabled,o,go 48250;
476,right,48777,0,399,320,79,90,333,0,453,enabled,r,go 16757;
477,qach3,48777,111,185,160,118,134,167,116,210,enabled,o,go 48250;
478,left,35295,0,0,319,169,192,332,0,0,enabled,l,go 34882;
479,right,35295,0,310,319,169,192,332,0,352,enabled,r,go 34882;
480,-,35295,0,158,320,165,187,333,0,180,enabled,o,go 35407;
481,-,35295,0,158,319,165,187,332,0,180,enabled,o,go 35407;
482,qel2,35295,168,188,77,95,108,81,175,214,enabled,o,go 35407;
483,marker,34882,0,203,319,86,98,332,0,231,enabled,,
484,left,34882,0,0,319,92,105,332,0,0,enabled,l,go 35295;
485,right,34882,0,390,319,90,102,332,0,442,enabled,r,go 35295;
486,In2,34882,276,240,11,10,12,12,288,272,enabled,,
487,In4,34882,255,240,11,10,12,12,266,272,enabled,,
488,In5,34882,245,240,11,10,12,12,255,272,enabled,,
489,In6,34882,234,240,11,10,12,12,244,272,enabled,,
490,In3,34882,266,240,11,10,12,12,277,272,enabled,,
491,In7,34882,223,240,11,10,12,12,233,272,enabled,,
492,In8,34882,213,240,11,10,12,12,222,272,enabled,,
493,In9,34882,202,240,11,10,12,12,211,272,enabled,,
494,In1,34882,287,240,11,10,12,12,299,272,enabled,,
495,elevator,34882,0,172,319,121,138,332,0,195,enabled,o,sv ME_ElevAtTop=NO;go 49328;
496,left,49567,0,0,319,105,119,332,0,0,enabled,l,go 16757;
497,-,49567,0,155,318,163,185,331,0,176,enabled,o,go 47838;
498,qsir3,49567,104,172,137,47,54,143,109,195,enabled,o,go 47838;
499,-,49680,2,131,317,200,227,330,3,149,enabled,o,go 48777;pm MU MiddleLoop;vm 40;
500,right,49680,0,419,319,60,68,332,0,475,enabled,r,go 34421;
501,qach3,49680,144,206,115,68,78,120,150,234,enabled,o,go 48777;pm MU MiddleLoop;vm 120;
502,-,47838,0,91,319,159,181,332,0,104,enabled,o,go 34421;pm MU Sirrus;vm 60;
503,left,47838,0,0,319,92,105,332,0,0,enabled,l,go 49680;
504,-,48636,0,208,319,154,175,332,0,236,enabled,o,go 49680;pm MU MiddleLoop;vm 80;
505,right,48636,0,362,319,117,133,332,0,411,enabled,r,go 34421;
506,-,36229,0,154,319,175,199,332,0,175,enabled,o,go 50114;pm MU MiddleLoop;vm 100;
507,right,36229,0,378,319,101,115,332,0,429,enabled,r,go 33452;
508,left,36229,0,0,319,101,115,332,0,0,enabled,l,go 33452;
509,-,33452,49,187,78,108,123,82,51,212,enabled,o,go 35943;pm MU Lower Layer;vm 180;
510,left,33452,0,0,319,140,159,332,0,0,enabled,l,go 36229;
511,right,33452,0,339,319,140,159,332,0,385,enabled,r,go 36229;
512,-,17552,124,197,64,89,101,67,130,224,enabled,o,go 17673;
513,-,17552,0,0,320,150,170,333,0,0,enabled,o,go 20348;
514,-,17552,0,328,320,177,201,333,0,372,enabled,o,go 20348;
515,gearMarker,35943,277,131,42,198,225,44,289,149,enabled,,
516,-,35943,0,0,319,480,544,332,0,0,enabled,o,go 33452;pm MU Lower Layer;vm 160;
517,-,35943,39,153,143,172,195,149,41,174,enabled,,
518,controlMarker,35943,73,258,88,25,29,92,76,293,enabled,,
519,displayMarker,35943,99,202,26,11,13,28,104,229,enabled,,
520,-,27798,0,140,320,204,232,333,0,159,enabled,o,go 28101;
521,right,27798,0,344,319,135,153,332,0,390,enabled,r,go 30341;
522,left,27798,0,0,319,135,153,332,0,0,enabled,l,go 30341;
523,-,30341,0,148,256,198,225,267,0,168,enabled,o,go 30681;
524,right,30341,0,340,319,139,158,332,0,386,enabled,r,go 27798;
525,left,30341,0,0,319,139,158,332,0,0,enabled,l,go 27798;
526,qndr,30341,137,218,56,47,54,59,143,248,enabled,o,go 30681;
527,-,28101,0,107,250,237,269,261,0,122,enabled,o,go 28222;
528,right,28101,0,345,319,134,152,332,0,391,enabled,r,go 30166;
529,left,28101,0,0,319,134,152,332,0,0,enabled,l,go 30166;
530,qnis,28101,185,186,55,47,54,58,193,211,enabled,o,go 28222;
531,-,30166,0,139,284,199,226,296,0,158,enabled,o,go 30341;
532,right,30166,0,333,319,146,166,332,0,378,enabled,r,go 28101;
533,left,30166,0,0,319,146,166,332,0,0,enabled,l,go 28101;
534,qndr,30166,153,215,57,48,55,60,160,244,enabled,o,go 30341;
535,-,28222,0,132,249,206,234,260,0,150,enabled,o,go 28639;
536,right,28222,0,337,319,142,161,332,0,382,enabled,r,go 29888;
537,left,28222,0,0,319,142,161,332,0,0,enabled,l,go 29888;
538,qnis,28222,164,171,79,54,62,83,171,194,enabled,o,go 28639;
539,-,29888,0,142,267,192,218,278,0,161,enabled,o,go 30166;
540,right,29888,0,333,319,146,166,332,0,378,enabled,r,go 28222;
541,left,29888,0,0,319,146,166,332,0,0,enabled,l,go 28222;
542,qndr,29888,274,211,45,51,58,47,286,240,enabled,,
543,-,28639,0,113,242,246,279,252,0,129,enabled,o,go 28915;
544,right,28639,0,350,319,129,147,332,0,397,enabled,r,go 29561;
545,left,28639,0,0,319,129,147,332,0,0,enabled,l,go 29561;
546,qnis,28639,86,134,101,86,98,106,90,152,enabled,o,go 28915;
547,-,29561,0,151,272,180,204,284,0,172,enabled,o,go 29888;
548,right,29561,0,325,319,154,175,332,0,369,enabled,r,go 28639;
549,left,29561,0,0,319,154,175,332,0,0,enabled,l,go 28639;
550,qndr,29561,270,221,34,33,38,36,281,251,enabled,,
551,-,28915,0,139,217,274,311,226,0,158,enabled,o,go 29105;
552,left,28915,0,0,319,153,174,332,0,0,enabled,l,go 29262;
553,right,29262,0,356,319,123,140,332,0,404,enabled,r,go 28915;
554,left,29262,0,0,319,123,140,332,0,0,enabled,l,go 28915;
555,-,29262,0,146,278,195,221,290,0,166,enabled,o,go 29561;
556,qndr,29262,174,219,44,36,41,46,182,249,enabled,o,go 29561;
557,-,29105,0,0,320,480,544,333,0,0,enabled,o,go 28915;
558,-,29105,8,127,203,254,288,212,9,144,enabled,,
559,-,32588,0,116,320,216,245,333,0,132,enabled,o,go 23400;pm MU MiddleLoop;vm 40;
560,left,32588,0,0,319,210,238,332,0,0,enabled,l,go 41131;
561,qdrs,32588,24,212,242,97,110,252,25,241,enabled,o,go 23400;pm MU MiddleLoop;vm 80;
562,right,36783,0,376,319,103,117,332,0,427,enabled,r,go 43451;
563,left,36783,0,0,319,150,170,332,0,0,enabled,l,go 36999;
564,-,36783,59,194,180,125,142,188,62,220,enabled,o,go 44978;
565,-,36999,0,408,183,76,87,191,0,463,enabled,o,go 37202;
566,-,36999,0,90,299,297,337,312,0,102,enabled,o,go 40595;
567,left,36999,0,0,319,91,104,332,0,0,enabled,l,go 36783;
568,-,36999,0,98,155,125,142,162,0,112,enabled,o,go 43451;
569,right,36399,0,331,319,148,168,332,0,376,enabled,r,go 40595;
570,-,36399,0,158,291,157,178,303,0,180,enabled,o,go 36783;
571,left,36399,0,0,319,131,149,332,0,0,enabled,l,go 37202;
572,-,36399,4,291,147,88,100,153,5,330,enabled,o,go 43451;
573,marker,40595,85,0,67,134,152,70,89,0,enabled,,
574,left,40595,0,0,319,135,153,332,0,0,enabled,l,go 36399;
575,-,40595,0,0,136,130,148,142,0,0,enabled,o,go 20749;
576,right,40595,0,372,319,107,122,332,0,422,enabled,r,go 37202;
577,marker,20749,144,247,137,150,170,143,150,280,enabled,,
578,left,20749,0,0,319,144,164,332,0,0,enabled,l,go 36399;
579,right,20749,0,367,319,112,127,332,0,416,enabled,r,go 37202;
580,-,20749,159,262,79,96,109,83,166,297,enabled,,"?? ME_RedPage|no |ca X_Global grabPage:ME_RedPage,go 20749;"
581,-,43451,0,360,319,120,136,332,0,408,enabled,o,go 36999;
582,left,43451,13,0,306,133,151,319,14,0,enabled,l,go 36783;
583,-,44978,0,157,316,172,195,329,0,178,enabled,o,go 18361;pm MU Sirrus;vm 100;
584,-,44978,92,149,218,141,160,227,96,169,enabled,,
585,-,44978,0,357,319,122,139,332,0,405,enabled,o,go 36783;
586,-,44978,0,0,319,122,139,332,0,0,enabled,o,go 36783;
587,left,37202,0,0,319,138,157,332,0,0,enabled,l,go 40595;
588,-,37202,48,90,205,322,365,214,50,102,enabled,,
589,right,37202,0,340,319,139,158,332,0,386,enabled,r,go 36399;
590,-,37202,99,337,49,26,30,51,104,382,enabled,o,go 16983;
591,-,16983,0,0,319,480,544,332,0,0,enabled,o,go 37202;
592,-,16983,0,130,317,219,249,330,0,148,enabled,,
593,-,34421,0,160,319,165,187,332,0,182,enabled,o,go 14014;pm MU Sirrus;vm 180;
594,left,34421,0,0,319,94,107,332,0,0,enabled,l,go 49680;pm MU MiddleLoop;vm 80;
595,qsir4,34421,148,214,66,30,34,69,155,243,enabled,o,go 14014;pm MU Sirrus;vm 100;
596,right,19870,0,333,319,146,166,332,0,378,enabled,r,go 14014;
597,left,19870,0,0,319,176,200,332,0,0,enabled,l,go 14014;
598,-,19870,0,179,319,155,176,332,0,203,enabled,o,go 48636;pm MU Sirrus;vm 80;
599,left,14014,0,0,319,62,71,332,0,0,enabled,l,go 19870;
600,marker,14014,92,122,24,30,34,25,96,139,enabled,,
601,-,14014,0,125,319,277,314,332,0,142,enabled,o,go 18811;
602,right,14014,0,431,319,46,53,332,0,489,enabled,r,go 19870;
603,-,14014,81,22,183,114,130,191,85,25,enabled,o,go 34002;
604,-,14014,196,417,28,62,71,30,204,473,enabled,o,go 18361;
605,marker,18568,28,287,133,91,104,139,30,326,enabled,,
606,right,18568,0,426,319,53,61,332,0,483,enabled,r,go 18811;
607,-,18568,0,144,272,194,220,284,0,164,enabled,o,go 34002;
608,left,18568,0,0,319,63,72,332,0,0,enabled,l,go 18075;
609,-,18568,177,439,64,34,39,67,185,498,enabled,o,go 18985;
610,-,18568,165,0,154,120,136,161,172,0,enabled,o,go 58524;
611,-,18568,116,437,64,18,21,67,121,496,enabled,o,go 18985;
612,-,18075,0,208,320,90,102,333,0,236,enabled,o,go 19870;
613,left,18075,0,0,319,68,78,332,0,0,enabled,l,go 18361;
614,right,18075,0,414,319,65,74,332,0,470,enabled,r,go 18568;
615,-,18075,133,37,52,60,68,55,139,42,enabled,o,go 19681;
616,-,18075,138,90,51,55,63,54,144,102,enabled,o,go 19681;
617,-,18075,142,142,48,44,50,50,148,161,enabled,o,go 19681;
618,-,18075,238,45,81,115,131,85,248,51,enabled,o,go 58740;
619,-,18075,149,289,170,125,142,177,156,328,enabled,o,go 58524;
620,-,18075,0,344,33,39,45,35,0,390,enabled,o,go 34002;
621,left,18811,1,0,318,82,93,331,2,0,enabled,l,go 18568;
622,right,18811,0,406,319,73,83,332,0,461,enabled,r,go 18361;
623,-,18811,101,158,111,45,51,116,106,180,enabled,o,go 18985;
624,-,18811,32,204,266,79,90,277,34,232,enabled,o,go 34198;
625,-,18811,140,288,97,32,37,101,146,327,enabled,o,go 37869;
626,-,18811,122,378,71,101,115,74,127,429,enabled,o,go 37869;
627,marker,18811,18,10,110,107,122,115,19,12,enabled,o,go 34002;
628,-,18811,204,335,99,80,91,104,213,380,enabled,o,go 37869;
629,right,18361,0,383,319,91,104,332,0,435,enabled,r,go 18075;
630,-,18361,91,216,76,47,54,80,95,245,enabled,o,go 19260;
631,left,18361,10,0,309,65,74,322,11,0,enabled,l,go 18811;
632,-,18361,149,370,51,52,59,54,156,420,enabled,o,go 19681;
633,-,18361,144,25,64,100,114,67,150,29,enabled,o,go 37869;
634,-,18361,147,436,56,43,49,59,153,495,enabled,o,go 19681;
635,-,18361,232,0,87,31,36,91,242,0,enabled,o,go 57679;
636,-,18361,259,409,60,70,80,63,270,464,enabled,,
637,-,18361,196,260,33,59,67,35,204,295,enabled,o,go 58930;
638,-,18361,266,401,53,78,89,56,277,455,enabled,o,go 58740;
639,-,2054,0,120,320,179,203,333,0,136,enabled,o,go 18075;
640,left,2054,0,0,319,97,110,332,0,0,enabled,l,go 37869;
641,right,2054,0,382,319,97,110,332,0,433,enabled,r,go 34198;
642,-,2054,142,381,78,90,102,82,148,432,enabled,o,go 18985;
643,-,34198,0,152,320,165,187,333,0,173,enabled,o,go 32588;pm MU Sirrus;vm 50;
644,right,34198,0,360,319,119,135,332,0,408,enabled,r,go 37869;
645,left,34198,0,0,319,131,149,332,0,0,enabled,l,go 2054;
646,-,41131,0,188,319,115,131,332,0,214,enabled,o,go 2054;pm MU Sirrus;vm 180;
647,right,41131,0,306,319,173,197,332,0,347,enabled,r,go 32588;
648,qsir2,41131,138,223,86,50,57,90,144,253,enabled,o,go 2054;pm MU Sirrus;vm 180;
649,-,18985,0,0,320,480,544,333,0,0,enabled,o,go 18811;
650,marker,18985,201,192,94,102,116,98,210,218,enabled,,
651,marker2,18985,44,224,64,52,59,67,46,254,enabled,,
652,-,58034,0,0,318,480,544,331,0,0,enabled,o,go 37869;
653,-,58034,19,142,85,189,215,89,20,161,enabled,,
654,-,58034,42,238,97,170,193,101,44,270,enabled,,
655,-,58034,131,338,120,49,56,125,137,384,enabled,,
656,-,58034,129,229,190,70,80,198,135,260,enabled,,
657,-,58034,100,68,218,97,110,227,105,78,enabled,,
658,-,58034,53,47,42,95,108,44,56,54,enabled,,
659,-,58034,35,123,24,21,24,25,37,140,enabled,,
660,-,19260,0,0,319,480,544,332,0,0,enabled,o,go 18361;
661,-,19260,12,194,204,90,102,213,13,220,enabled,,
662,-,57679,0,0,318,480,544,331,0,0,enabled,o,go 37869;
663,-,57679,72,157,200,161,183,209,75,178,enabled,,
664,-,57679,180,48,126,37,42,132,188,55,enabled,,
665,-,57679,196,78,68,40,46,71,204,89,enabled,,
666,-,57679,175,391,143,45,51,149,183,444,enabled,,
667,-,57679,195,363,74,48,55,78,203,412,enabled,,
668,-,44432,0,0,319,480,544,332,0,0,enabled,o,go 34002;
669,-,44432,42,127,246,149,169,256,44,144,enabled,o,go 36999;pm MU Sirrus Cache;vm 100;
670,-,44432,94,187,198,97,110,207,98,212,enabled,,
671,right,19681,0,403,319,76,87,332,0,457,enabled,r,go 19870;
672,-,19681,129,75,112,320,363,117,135,85,enabled,,
673,-,19681,0,185,120,105,119,125,0,210,enabled,,
674,yellow,19681,176,113,54,56,64,57,184,129,enabled,,
675,green,19681,173,217,55,37,42,58,181,246,enabled,,
676,red,19681,172,331,55,31,36,58,179,376,enabled,,
677,left,19681,0,0,319,76,87,332,0,0,enabled,l,go 18361;
678,up,19681,263,53,56,370,420,59,274,61,enabled,u,go 58740;
679,-,58740,0,0,319,480,544,332,0,0,enabled,o,go 18075;
680,-,58740,137,70,140,41,47,146,143,80,enabled,,
681,-,58740,162,99,69,41,47,72,169,113,enabled,,
682,-,58740,142,365,135,39,45,141,148,414,enabled,,
683,-,58740,161,337,68,32,37,71,168,382,enabled,,
684,-,58740,103,149,173,181,206,181,108,169,enabled,,
685,down,58740,0,0,128,480,544,134,0,0,enabled,d,go 19681;
686,-,10941,0,0,320,480,544,333,0,0,enabled,a,go 34002;
687,marker,10941,47,111,273,234,266,285,49,126,enabled,,
688,openbox,10941,65,122,197,202,229,206,68,139,disabled,,
689,closebox,10941,39,114,280,227,258,292,41,130,disabled,,
690,left,43824,0,0,319,142,161,332,0,0,enabled,l,go 18811;
691,-,43824,0,137,319,210,238,332,0,156,enabled,o,go 18361;
692,right,43824,0,323,319,156,177,332,0,367,enabled,r,go 18075;
693,left,37869,0,0,319,68,78,332,0,0,enabled,l,go 34198;
694,-,37869,208,166,111,162,184,116,217,189,enabled,,
695,-,37869,33,62,250,79,90,261,35,71,enabled,o,go 58301;
696,-,37869,49,292,176,187,212,184,51,331,enabled,o,go 58034;
697,-,37869,208,165,110,165,187,115,217,187,enabled,o,go 57679;
698,right,37869,0,442,319,37,42,332,0,501,enabled,r,go 18361;
699,-,58524,0,0,319,480,544,332,0,0,enabled,o,go 18075;
700,-,58524,1,115,308,227,258,321,2,131,enabled,,
701,-,58301,0,0,319,480,544,332,0,0,enabled,o,go 37869;
702,-,58301,0,198,319,96,109,332,0,225,enabled,,
703,-,58930,0,6,319,473,537,332,0,7,enabled,o,go 18361;
704,-,58930,26,108,268,251,285,279,28,123,enabled,,
705,marker,34002,74,340,175,95,108,183,78,386,enabled,,
706,-,34002,0,0,319,480,544,332,0,0,enabled,o,go 18568;
707,theDoor,34002,81,345,167,89,101,174,85,391,enabled,,"?? ME_SCacheDoor|ps DR Grayroom Down,sv ME_SCacheDoor=NO,en cache room=NO|ps DR Grayroom Open,sv ME_SCacheDoor=YES,en cache room=YES;go 34002;"
708,-,34002,204,360,92,93,106,96,213,408,enabled,,"?? ME_SCacheDoor|ps DR Grayroom Down,sv ME_SCacheDoor=NO,en cache room=NO|ps DR Grayroom Open,sv ME_SCacheDoor=YES,en cache room=YES;go 34002;"
709,-,34002,1,75,67,74,84,70,2,85,enabled,o,go 10941;
710,cache room,34002,88,346,144,93,106,150,92,393,enabled,o,go 44432;
711,-,34002,141,182,98,105,119,102,147,207,enabled,o,go 43824;
712,-,34002,123,396,94,62,71,98,128,449,enabled,,
713,-,34002,205,326,54,30,34,57,214,370,enabled,,
714,-,34002,172,330,44,29,33,46,179,374,enabled,,
715,left,7850,0,0,319,118,134,332,0,0,enabled,l,go 3017;
716,right,7850,0,360,319,117,133,332,0,408,enabled,r,go 7993;
717,marker,3017,42,190,60,69,79,63,44,216,enabled,,
718,-,3017,4,82,233,215,244,243,5,93,enabled,o,go 4421;
719,left,3017,0,1,319,82,93,332,0,2,enabled,l,go 7054;
720,-,3017,1,268,157,130,148,164,2,304,enabled,o,go 4850;
721,right,3017,0,391,319,88,100,332,0,444,enabled,r,go 7850;
722,qsdr,3017,156,232,50,50,57,53,163,263,enabled,o,go 4421;
723,left,7993,0,0,319,138,157,332,0,0,enabled,l,go 7850;
724,right,7993,0,341,319,138,157,332,0,387,enabled,r,go 7054;
725,right,7054,0,310,319,166,189,332,0,352,enabled,r,go 3017;
726,left,7054,0,2,319,118,134,332,0,3,enabled,l,go 7993;
727,-,7054,0,157,247,157,178,258,0,178,enabled,o,go 17290;
728,marker,4421,0,184,130,166,189,136,0,209,enabled,,
729,-,4421,0,304,238,168,191,248,0,345,enabled,o,go 4850;
730,left,4421,0,2,319,75,85,332,0,3,enabled,l,go 7366;
731,-,4421,14,7,100,135,153,105,15,8,enabled,o,go 8700;
732,-,4421,0,165,198,140,159,207,0,187,enabled,o,?? ME_SouthStairs|go 8794|go 41678;
733,right,4421,0,444,319,35,40,332,0,504,enabled,r,go 7366;
734,qsdr,4421,198,304,38,24,28,40,207,345,enabled,o,go 4850;
735,right,7366,0,337,319,142,161,332,0,382,enabled,r,go 4421;
736,-,7366,0,301,121,124,141,126,0,342,enabled,o,go 7054;
737,-,7366,37,120,281,224,254,293,39,136,enabled,o,go 7993;
738,left,7366,0,0,319,111,126,332,0,0,enabled,l,go 4421;
739,-,7366,0,335,317,90,102,330,0,380,enabled,o,go 7054;
740,left,8256,0,0,319,129,147,332,0,0,enabled,l,go 4850;
741,right,8256,0,360,319,119,135,332,0,408,enabled,r,go 6858;
742,-,4850,4,111,260,134,152,271,5,126,enabled,o,go 7467;
743,right,4850,0,374,319,105,119,332,0,424,enabled,r,go 8256;
744,left,4850,0,0,319,87,99,332,0,0,enabled,l,go 6858;
745,qsdr,4850,176,120,65,53,61,68,184,136,enabled,o,go 7467;
746,marker,6858,0,401,42,78,89,44,0,455,enabled,,
747,-,6858,54,52,223,202,229,233,57,59,enabled,o,go 7366;
748,right,6858,0,384,319,90,102,332,0,436,enabled,r,go 4850;
749,-,6858,29,256,156,102,116,163,31,291,enabled,o,go 8700;
750,left,6858,0,0,319,62,71,332,0,0,enabled,l,go 8256;
751,left,7467,0,0,319,85,97,332,0,0,enabled,l,go 6591;
752,right,7467,0,389,319,85,97,332,0,441,enabled,r,go 57586;
753,-,7467,0,160,251,152,173,262,0,182,enabled,o,go 4956;
754,qsdr,7467,158,196,72,58,66,75,165,223,enabled,o,go 4956;
755,marker,6591,0,332,74,148,168,78,0,377,enabled,,
756,-,6591,0,223,234,199,226,244,0,253,enabled,o,go 6858;
757,left,6591,0,0,319,126,143,332,0,0,enabled,l,go 57586;
758,right,6591,0,420,319,59,67,332,0,476,enabled,r,go 7467;
759,left,57586,1,0,318,106,121,331,2,0,enabled,l,go 7467;
760,right,57586,1,373,318,106,121,331,2,423,enabled,r,go 6591;
761,-,41678,0,0,319,480,544,332,0,0,enabled,o,go 4421;
762,-,41678,0,134,210,202,229,219,0,152,enabled,o,go 41939;pm MU ME Bookroom;vm 50;
763,-,41939,2,145,238,186,211,248,3,165,enabled,o,go 42050;pm MU ME Bookroom;vm 80;
764,right,41939,0,372,319,107,122,332,0,422,enabled,r,go 42335;pm MU ME Bookroom;vm 20;
765,left,41939,0,0,319,107,122,332,0,0,enabled,l,go 42335;pm MU ME Bookroom;vm 20;
766,-,42503,0,95,318,289,328,331,0,108,enabled,o,go 7366;pm AR Water:Wind Mov;vm 150;
767,-,37582,0,0,319,480,544,332,0,0,enabled,o,go 42050;
768,-,37582,11,144,297,192,218,310,12,164,enabled,o,go 46649;
769,-,42050,0,0,319,480,544,332,0,0,enabled,o,go 41939;pm MU ME Bookroom;vm 50;
770,-,42050,22,146,198,178,202,207,23,166,enabled,,
771,-,42050,163,217,55,46,53,58,170,246,enabled,o,go 37582;
772,-,46649,0,0,319,480,544,332,0,0,enabled,o,go 42050;
773,-,46649,12,67,294,342,388,306,13,76,enabled,,
774,marker,46649,169,277,81,110,125,85,176,314,enabled,,ca X_Linking linkToAge:iMystDB;
775,-,8794,0,5,320,469,532,333,0,6,enabled,o,go 4421;
776,-,8794,0,162,272,141,160,284,0,184,enabled,,
777,stairmark,40081,27,176,188,124,141,196,29,200,enabled,,
778,-,40081,20,178,229,122,139,239,21,202,enabled,o,"?? ME_SouthStairs|none|go 41678,pm MU Bookroom.Mov,vm 20;"
779,marker,40081,193,175,22,21,24,23,201,199,enabled,,
780,-,40081,0,0,319,173,197,332,0,0,enabled,o,go 4421;
781,right,40081,0,269,318,210,238,331,0,305,enabled,r,go 4850;
782,-,42335,0,168,260,165,187,271,0,191,enabled,o,go 42503;
783,right,42335,0,346,319,133,151,332,0,393,enabled,r,go 41939;
784,left,42335,0,0,319,133,151,332,0,0,enabled,l,go 41939;
785,-,8700,0,232,319,247,280,332,0,263,enabled,o,go 4421;
786,-,8700,0,2,319,232,263,332,0,3,enabled,o,go 6858;
787,-,8700,0,108,225,260,295,235,0,123,enabled,,
788,-,8700,93,165,33,28,32,35,97,187,enabled,,cb ME_Fortress setCypherBegan:1\setCypherMoved:\setCypherEnded:;
789,-,8700,94,238,30,28,32,32,98,270,enabled,,cb ME_Fortress setCypherBegan:3\setCypherMoved:\setCypherEnded:;
790,-,8700,93,271,33,29,33,35,97,308,enabled,,cb ME_Fortress setCypherBegan:4\setCypherMoved:\setCypherEnded:;
791,marker,8700,158,407,20,19,22,21,165,462,enabled,,
792,-,8700,93,199,33,28,32,35,97,226,enabled,,cb ME_Fortress setCypherBegan:2\setCypherMoved:\setCypherEnded:;
793,-,8700,41,207,51,49,56,54,43,235,enabled,o,ps SW PushButton In;ca ME_Fortress checkCypher:;
794,Screen1,8700,145,167,33,22,25,35,151,190,enabled,,
795,Screen2,8700,145,203,33,22,25,35,151,231,enabled,,
796,Screen3,8700,145,239,33,22,25,35,151,271,enabled,,
797,Screen4,8700,145,275,33,22,25,35,151,312,enabled,,
798,,35943,66,238,100,60,68,105,69,270,enabled,,cb ME_Fortress levHubBegan:\levHubMoved:\levHubEnded:;
799,,18985,11,199,100,100,114,105,12,226,enabled,,ca ME_Fortress birdCrank:;
800,,34613,12,168,113,70,80,118,13,191,enabled,,cb ME_Fortress holoLeftBegan:\holoLeftMoved:\holoLeftEnded:;
801,,34613,12,241,113,70,80,118,13,274,enabled,,cb ME_Fortress holoRightBegan:\holoRightMoved:\holoRightEnded:;
802,,33554,125,180,97,60,68,101,131,204,enabled,,cb ME_Fortress hubLeftBegan:\hubLeftMoved:\hubLeftEnded:;
803,,33554,125,240,98,60,68,102,131,272,enabled,,cb ME_Fortress hubRightBegan:\hubRightMoved:\hubRightEnded:;
804,left,48777,0,0,320,100,114,333,0,0,enabled,l,go 50726;
805,right,49567,0,390,320,87,99,333,0,442,enabled,r,go 50727;
806,-,19681,141,310,92,81,92,96,147,352,enabled,,ca ME_Fortress touchGem:red;
807,-,19681,146,197,91,73,83,95,152,224,enabled,,ca ME_Fortress touchGem:green;
808,-,19681,147,89,92,85,97,96,153,101,enabled,,ca ME_Fortress touchGem:yellow;
809,,31555,280,0,40,480,544,42,292,0,disabled,,
810,left,26366,0,0,320,113,129,333,0,0,enabled,l,go 12345;
811,left,22133,0,0,304,119,135,317,0,0,enabled,l,go 12991;
812,right,12991,0,379,320,100,114,333,0,430,enabled,r,go 22133;
813,right,12583,0,394,315,86,98,328,0,447,enabled,r,go 26366;
814,right,12345,1,386,319,94,107,332,2,438,enabled,r,go 26366;
815,left,12236,0,0,249,105,119,260,0,0,enabled,l,go 26420;
816,right,28915,0,394,316,86,98,329,0,447,enabled,r,go 29262;
817,right,23934,0,394,315,86,98,328,0,447,enabled,r,go 9418;
818,right,32588,0,380,319,100,114,332,0,431,enabled,r,go 41131;
819,right,34421,3,401,317,79,90,330,4,455,enabled,r,go 49680;pm MU MiddleLoop;vm 80;
820,right,47838,2,400,318,80,91,331,3,454,enabled,r,go 49680;
821,right,11084,0,401,320,79,90,333,0,455,enabled,r,go 2383;
822,right,17797,0,415,320,65,74,333,0,471,enabled,r,go 2383;pm MU Achenar;vm 80;
823,right,9846,0,398,320,81,92,333,0,452,enabled,r,go 32302;
824,right,24605,1,391,318,89,101,331,2,444,enabled,r,go 24888;
825,left,25440,0,0,318,61,70,331,0,0,enabled,l,go 24230;
826,left,32302,0,0,320,78,89,333,0,0,enabled,l,go 9846;
827,left,2383,0,0,320,78,89,333,0,0,enabled,l,go 17797;pm MU MiddleLoop;vm 80;
828,left,49680,0,0,320,83,95,333,0,0,enabled,l,go 34421;
829,left,48636,0,0,320,96,109,333,0,0,enabled,l,go 34421;
830,left,41131,0,0,320,79,90,333,0,0,enabled,l,go 32588;
831,left,13535,0,0,320,86,98,333,0,0,enabled,l,go 23400;
832,marker,14234,0,0,101,192,218,106,0,0,enabled,,
833,-,14234,70,7,127,142,161,133,73,8,enabled,o,
834,-,14234,6,161,304,243,276,317,7,183,enabled,o,go 11389;
835,right,14234,0,395,320,85,97,333,0,448,enabled,r,go 38472;
836,left,14234,0,0,320,85,97,333,0,0,enabled,l,go 38472;
837,-,14234,0,10,79,146,166,83,0,12,enabled,o,go 15266;
838,right,16306,0,325,320,155,176,333,0,369,enabled,r,?? ME_ElevAtMid|go 31555|go 16622;
839,left,16306,0,0,320,149,169,333,0,0,enabled,l,?? ME_ElevAtMid|go 31555|go 16622;
840,panMarker,50629,0,162,319,159,181,332,0,184,enabled,,
841,marker,50629,180,223,139,35,40,145,188,253,enabled,,